{"cameraMode":{"drawMode":0,"name":"Shaded","section":"Shading Mode"},"sceneLighting":false,"audioPlay":false,"sceneViewState":{"showFog":true,"showMaterialUpdate":true,"showSkybox":false,"showFlares":true,"showImageEffects":true,"showParticleSystems":true},"in2DMode":false,"pivot":{"x":-17.248506546020509,"y":0.8790761232376099,"z":-29.07708740234375},"rotation":{"x":0.020572949200868608,"y":0.9757829904556274,"z":-0.10460757464170456,"w":0.191180020570755},"size":1.279310703277588,"orthographic":false}