{"cameraMode":{"drawMode":0,"name":"Shaded","section":"Shading Mode"},"sceneLighting":false,"audioPlay":false,"sceneViewState":{"showFog":true,"showMaterialUpdate":true,"showSkybox":false,"showFlares":true,"showImageEffects":true,"showParticleSystems":true},"in2DMode":false,"pivot":{"x":-16.51576805114746,"y":0.8790761232376099,"z":-29.135793685913087},"rotation":{"x":-0.07995964586734772,"y":-0.17491060495376588,"z":0.014258243143558503,"w":-0.9812380075454712},"size":1.279310941696167,"orthographic":false}